varTN,year,month,ym,blank,emp,pop,emp_rate,varS,lfS,empS,popS,emp_rateS
LASST47000005,2000,1,2000.041667,M01,2761575,3646525,0.757316898,LASRD93000006,49659644,46898069,,
LASST47000005,2000,2,2000.125,M02,2767298,3660851,0.755916589,LASRD93000006,49755994,46988696,,
LASST47000005,2000,3,2000.208333,M03,2768842,3729760,0.742364656,LASRD93000006,49792061,47023219,,
LASST47000005,2000,4,2000.291667,M04,2766150,3690627,0.749506791,LASRD93000006,49765892,46999742,,
LASST47000005,2000,5,2000.375,M05,2760617,3681613,0.749838997,LASRD93000006,49701974,46941357,,
LASST47000005,2000,6,2000.458333,M06,2754294,3691863,0.746044477,LASRD93000006,49626454,46872160,,
LASST47000005,2000,7,2000.541667,M07,2749662,3634798,0.756482754,LASRD93000006,49580849,46831187,,
LASST47000005,2000,8,2000.625,M08,2748747,3636936,0.755786464,LASRD93000006,49589692,46840945,,
LASST47000005,2000,9,2000.708333,M09,2752391,3613991,0.761593208,LASRD93000006,49668058,46915667,,
LASST47000005,2000,10,2000.791667,M10,2759939,3663053,0.753453199,LASRD93000006,49808963,47049024,,
LASST47000005,2000,11,2000.875,M11,2769632,3697933,0.748967599,LASRD93000006,49993479,47223847,,
LASST47000005,2000,12,2000.958333,M12,2780768,3711833,0.749163015,LASRD93000006,50189401,47408633,,
LASST47000005,2001,13,2001.041667,M01,2790587,3689050,0.75645139,LASRD93000006,50368647,47578060,,
LASST47000005,2001,14,2001.125,M02,2794920,3662235,0.763173308,LASRD93000006,50505571,47710651,,
LASST47000005,2001,15,2001.208333,M03,2790184,3712400,0.751584959,LASRD93000006,50579927,47789743,,
LASST47000005,2001,16,2001.291667,M04,2775582,3717300,0.746666129,LASRD93000006,50104724,47329142,,
LASST47000005,2001,17,2001.375,M05,2753838,3698860,0.74450993,LASRD93000006,50081753,47327915,,
LASST47000005,2001,18,2001.458333,M06,2729844,3745611,0.728811401,LASRD93000006,49842679,47112835,,
LASST47000005,2001,19,2001.541667,M07,2708973,3729264,0.726409554,LASRD93000006,49859792,47150819,,
LASST47000005,2001,20,2001.625,M08,2694512,3685017,0.731207482,LASRD93000006,49926208,47231696,,
LASST47000005,2001,21,2001.708333,M09,2688107,3690177,0.72844934,LASRD93000006,50018927,47330820,,
LASST47000005,2001,22,2001.791667,M10,2688909,3738172,0.719311203,LASRD93000006,50152614,47463705,,
LASST47000005,2001,23,2001.875,M11,2693914,3730998,0.722035766,LASRD93000006,50293470,47599556,,
LASST47000005,2001,24,2001.958333,M12,2699987,3806819,0.709250164,LASRD93000006,50422887,47722900,,
LASST47000005,2002,25,2002.041667,M01,2705640,3782670,0.715272546,LASRD93000006,50541154,47835514,,
LASST47000005,2002,26,2002.125,M02,2711214,3776202,0.717973774,LASRD93000006,50614361,47903147,,
LASST47000005,2002,27,2002.208333,M03,2715522,3812814,0.712209408,LASRD93000006,50654508,47938986,,
LASST47000005,2002,28,2002.291667,M04,2718378,3764454,0.72211747,LASRD93000006,50652424,47934046,,
LASST47000005,2002,29,2002.375,M05,2720343,3793609,0.717085762,LASRD93000006,50626524,47906181,,
LASST47000005,2002,30,2002.458333,M06,2722709,3835789,0.709817198,LASRD93000006,50611125,47888416,,
LASST47000005,2002,31,2002.541667,M07,2726018,3834537,0.710911904,LASRD93000006,50619186,47893168,,
LASST47000005,2002,32,2002.625,M08,2730105,3773021,0.723585954,LASRD93000006,50654913,47924808,,
LASST47000005,2002,33,2002.708333,M09,2734611,3758566,0.727567641,LASRD93000006,50722420,47987809,,
LASST47000005,2002,34,2002.791667,M10,2738503,3729299,0.734321115,LASRD93000006,50820616,48082113,,
LASST47000005,2002,35,2002.875,M11,2741658,3717592,0.73748222,LASRD93000006,50930383,48188725,,
LASST47000005,2002,36,2002.958333,M12,2743954,3769711,0.727895056,LASRD93000006,51028096,48284142,,
LASST47000005,2003,37,2003.041667,M01,2745603,3856550,0.711932427,LASRD93000006,51117688,48372085,,
LASST47000005,2003,38,2003.125,M02,2746314,3885166,0.706871727,LASRD93000006,51197965,48451651,,
LASST47000005,2003,39,2003.208333,M03,2745030,3813932,0.719737531,LASRD93000006,51254185,48509155,,
LASST47000005,2003,40,2003.291667,M04,2740711,3879852,0.706395759,LASRD93000006,51259832,48519121,,
LASST47000005,2003,41,2003.375,M05,2733692,3886452,0.703390136,LASRD93000006,51223205,48489513,,
LASST47000005,2003,42,2003.458333,M06,2726281,3891336,0.700602826,LASRD93000006,51171677,48445396,,
LASST47000005,2003,43,2003.541667,M07,2720967,3877637,0.701707509,LASRD93000006,51143905,48422938,,
LASST47000005,2003,44,2003.625,M08,2719221,3858599,0.704717178,LASRD93000006,51149901,48430680,,
LASST47000005,2003,45,2003.708333,M09,2721939,3793722,0.717485098,LASRD93000006,51199728,48477789,,
LASST47000005,2003,46,2003.791667,M10,2728641,3782671,0.72135298,LASRD93000006,51289497,48560856,,
LASST47000005,2003,47,2003.875,M11,2737580,3764787,0.72715402,LASRD93000006,51400499,48662919,,
LASST47000005,2003,48,2003.958333,M12,2746145,3778089,0.726860855,LASRD93000006,51506114,48759969,,
LASST47000005,2004,49,2004.041667,M01,2752265,3889950,0.70753223,LASRD93000006,51583517,48831252,6.67E+07,0.732102729
LASST47000005,2004,50,2004.125,M02,2755091,3945699,0.707960301,LASRD93000006,51630362,48875271,6.68E+07,0.731569101
LASST47000005,2004,51,2004.208333,M03,2755067,4001973,0.707655971,LASRD93000006,51657526,48902459,6.72E+07,0.730785692
LASST47000005,2004,52,2004.291667,M04,2752764,3912875,0.706766769,LASRD93000006,51662186,48909422,6.72E+07,0.72970308
LASST47000005,2004,53,2004.375,M05,2749263,3890709,0.70557086,LASRD93000006,51660178,48910915,6.74E+07,0.7285425
LASST47000005,2004,54,2004.458333,M06,2746150,3907021,0.704475492,LASRD93000006,51667542,48921392,6.77E+07,0.727519279
LASST47000005,2004,55,2004.541667,M07,2744941,3946832,0.703869277,LASRD93000006,51702503,48957562,6.77E+07,0.726880833
LASST47000005,2004,56,2004.625,M08,2745933,3925390,0.703827723,LASRD93000006,51777010,49031077,6.78E+07,0.72679802
LASST47000005,2004,57,2004.708333,M09,2748293,3888690,0.704136698,LASRD93000006,51882422,49134129,6.77E+07,0.727152601
LASST47000005,2004,58,2004.791667,M10,2750839,3913279,0.704493048,LASRD93000006,52002689,49251850,6.77E+07,0.727722785
LASST47000005,2004,59,2004.875,M11,2753180,3866387,0.704796621,LASRD93000006,52119345,49366165,6.78E+07,0.728240893
LASST47000005,2004,60,2004.958333,M12,2755259,3878182,0.705032896,LASRD93000006,52229522,49474263,6.77E+07,0.728665775
LASST47000005,2005,61,2005.041667,M01,2757212,3877170,0.705236746,LASRD93000006,52327343,49570131,6.80E+07,0.72890946
LASST47000005,2005,62,2005.125,M02,2759003,3845732,0.705399005,LASRD93000006,52409972,49650969,6.80E+07,0.728931709
LASST47000005,2005,63,2005.208333,M03,2760229,3848546,0.705416735,LASRD93000006,52480168,49719939,6.86E+07,0.72877993
LASST47000005,2005,64,2005.291667,M04,2761396,3798748,0.705419377,LASRD93000006,52538237,49776841,6.84E+07,0.728452027
LASST47000005,2005,65,2005.375,M05,2763652,3825882,0.705700094,LASRD93000006,52602697,49839045,6.87E+07,0.728202634
LASST47000005,2005,66,2005.458333,M06,2767741,3848396,0.706448438,LASRD93000006,52674718,49906977,6.89E+07,0.728037593
LASST47000005,2005,67,2005.541667,M07,2773859,3870845,0.707713829,LASRD93000006,52752780,49978921,6.89E+07,0.727931509
LASST47000005,2005,68,2005.625,M08,2782027,3864848,0.709500973,LASRD93000006,52841108,50059081,6.92E+07,0.727945235
LASST47000005,2005,69,2005.708333,M09,2791742,3860147,0.71168099,LASRD93000006,53026003,50234261,6.90E+07,0.727378691
LASST47000005,2005,70,2005.791667,M10,2801898,3887910,0.71397156,LASRD93000006,53127842,50325944,6.92E+07,0.726921689
LASST47000005,2005,71,2005.875,M11,2811379,3901517,0.716088287,LASRD93000006,53240015,50428636,6.91E+07,0.726931803
LASST47000005,2005,72,2005.958333,M12,2819315,3905498,0.717809883,LASRD93000006,53110892,50291577,6.90E+07,0.726726005
LASST47000005,2006,73,2006.041667,M01,2825879,3932594,0.71918087,LASRD93000006,53140771,50314892,6.93E+07,0.725921382
LASST47000005,2006,74,2006.125,M02,2831818,3879068,0.720391719,LASRD93000006,53226160,50394342,6.92E+07,0.725927902
LASST47000005,2006,75,2006.208333,M03,2837108,3851279,0.721436526,LASRD93000006,53308221,50471113,6.95E+07,0.725895872
LASST47000005,2006,76,2006.291667,M04,2841448,3909955,0.722238992,LASRD93000006,53380926,50539478,6.95E+07,0.725743233
LASST47000005,2006,77,2006.375,M05,2844665,3930853,0.722755464,LASRD93000006,53442948,50598283,6.97E+07,0.725454003
LASST47000005,2006,78,2006.458333,M06,2847544,3956434,0.723185664,LASRD93000006,53504906,50657362,6.99E+07,0.725169596
LASST47000005,2006,79,2006.541667,M07,2851302,3948777,0.723838652,LASRD93000006,53589154,50737852,7.01E+07,0.7251921
LASST47000005,2006,80,2006.625,M08,2856507,3917579,0.724858282,LASRD93000006,53697304,50840797,7.01E+07,0.725534983
LASST47000005,2006,81,2006.708333,M09,2862771,3916816,0.726145681,LASRD93000006,53830073,50967302,7.03E+07,0.7262125
LASST47000005,2006,82,2006.791667,M10,2869734,3946345,0.727609238,LASRD93000006,53970252,51100518,7.04E+07,0.726983393
LASST47000005,2006,83,2006.875,M11,2876301,3945699,0.728971217,LASRD93000006,54098485,51222184,7.04E+07,0.727587841
LASST47000005,2006,84,2006.958333,M12,2881057,3914917,0.729873273,LASRD93000006,54181730,51300673,7.03E+07,0.727578059
LASST47000005,2007,85,2007.041667,M01,2914169,3915899,0.74418901,LASRD93000006,54291325,51377156,,
LASST47000005,2007,86,2007.125,M02,2914815,3872886,0.752620914,LASRD93000006,54286488,51371673,,
LASST47000005,2007,87,2007.208333,M03,2912539,3820645,0.762316049,LASRD93000006,54246714,51334175,,
LASST47000005,2007,88,2007.291667,M04,2908478,3980686,0.730647431,LASRD93000006,54207728,51299250,,
LASST47000005,2007,89,2007.375,M05,2903792,4012728,0.72364536,LASRD93000006,54171412,51267620,,
LASST47000005,2007,90,2007.458333,M06,2899807,4021983,0.720989373,LASRD93000006,54159912,51260105,,
LASST47000005,2007,91,2007.541667,M07,2897052,4066926,0.71234441,LASRD93000006,54186981,51289929,,
LASST47000005,2007,92,2007.625,M08,2895617,4051640,0.71467776,LASRD93000006,54255276,51359659,,
LASST47000005,2007,93,2007.708333,M09,2895313,3961300,0.730899705,LASRD93000006,54348887,51453574,,
LASST47000005,2007,94,2007.791667,M10,2895276,3983216,0.726868942,LASRD93000006,54464515,51569239,,
LASST47000005,2007,95,2007.875,M11,2894952,3952484,0.732438639,LASRD93000006,54562618,51667666,,
LASST47000005,2007,96,2007.958333,M12,2894295,3909569,0.740310505,LASRD93000006,54652444,51758149,,
,,,,,,,,,,,,
,,,,,,,,,,,,
,,,,,,,,,,,,
,,,,,,,,,,,,
,,,,,,,,,,,,
,,,,,,,,,,,,
,,,,,,,,,,,,
,,,,,,,,,,,,
